itstId,itstNm,lat,lng,regDt
101,수서역,37.487322,127.101742,2022-12-12T16:30:39.000+00:00
1066,우리은행중화,37.605372,127.078730,2022-12-12T16:30:40.000+00:00
1069,동일로지하차도,37.595009,127.080309,2022-12-12T16:30:39.000+00:00
1073,서울과학기술대입구,37.628911,127.071341,2022-12-12T16:30:40.000+00:00
1075,중계경남아파트,37.643536,127.064855,2022-12-12T16:30:40.000+00:00
108,수협은행압구정,37.523640,127.028335,2022-12-12T16:30:39.000+00:00
1086,수유시장앞,37.630657,127.024451,2022-12-12T16:30:39.000+00:00
1088,강월초교입구,37.517054,126.839413,2022-12-12T16:30:40.000+00:00
109,서초삼성스위트아파트,37.495306,127.025023,2022-12-12T16:30:39.000+00:00
1091,내발산초교앞,37.550802,126.836357,2022-12-12T16:30:39.000+00:00
1092,강서소방서,37.558026,126.860927,2022-12-12T16:30:39.000+00:00
1104,목동야구장,37.528839,126.880340,2022-12-12T16:30:39.000+00:00
1108,역말사거리,37.605860,126.915386,2022-12-12T16:30:39.000+00:00
1109,서울혁신파크,37.608822,126.931387,2022-12-12T16:30:39.000+00:00
111,현대빌딩본관,37.577353,126.988157,2022-12-12T16:30:39.000+00:00
1123,대치삼성아파트앞,37.498242,127.058897,2022-12-12T16:30:39.000+00:00
1132,신월마이홈아파트,37.522546,126.847972,2022-12-12T16:30:39.000+00:00
1133,양화교밑,37.547152,126.880447,2022-12-12T16:30:39.000+00:00
1134,신서중,37.515459,126.854998,2022-12-12T16:30:39.000+00:00
1141,목동중학교앞,37.519786,126.872496,2022-12-12T16:30:40.000+00:00
1142,광영여고,37.539248,126.824161,2022-12-12T16:30:39.000+00:00
1147,강서구청,37.551596,126.849468,2022-12-12T16:30:39.000+00:00
1148,등촌동,37.557969,126.844595,2022-12-12T16:30:39.000+00:00
1149,신월초교입구,37.540504,126.836238,2022-12-12T16:30:39.000+00:00
1156,양강중,37.524065,126.850906,2022-12-12T16:30:39.000+00:00
1157,열병합발전소앞,37.539257,126.885634,2022-12-12T16:30:39.000+00:00
1165,먹골역,37.612220,127.077421,2022-12-12T16:30:40.000+00:00
1167,우리은행태릉역지점,37.615545,127.076359,2022-12-12T16:30:40.000+00:00
1168,길음역,37.604280,127.025161,2022-12-12T16:30:39.000+00:00
1172,공릉역,37.625608,127.073006,2022-12-12T16:30:40.000+00:00
1178,메이필드호텔,37.549146,126.816482,2022-12-12T16:30:39.000+00:00
1179,우장산역,37.547958,126.836356,2022-12-12T16:30:39.000+00:00
1183,서초푸르지오써밋,37.501767,127.021936,2022-12-12T16:30:39.000+00:00
1188,녹번초교,37.603529,126.925401,2022-12-12T16:30:39.000+00:00
1190,방화사거리,37.573435,126.811445,2022-12-12T16:30:39.000+00:00
1192,거리공원오거리,37.497489,126.893106,2022-12-12T16:30:40.000+00:00
1195,계남공원,37.509947,126.858112,2022-12-12T16:30:39.000+00:00
1197,신도고교,37.630478,126.919254,2022-12-12T16:30:39.000+00:00
1198,한국환경산업기술원,37.609527,126.932997,2022-12-12T16:30:39.000+00:00
1199,영보빌딩은평,37.616464,126.918823,2022-12-12T16:30:39.000+00:00
1201,대림부동산,37.484202,126.939797,2022-12-12T16:30:40.000+00:00
1203,진광공업사,37.482387,126.950776,2022-12-12T16:30:40.000+00:00
1207,서이지구대,37.492527,127.028236,2022-12-12T16:30:39.000+00:00
1210,동방사우나,37.521747,126.846429,2022-12-12T16:30:39.000+00:00
1211,대한도시가스,37.498300,127.076154,2022-12-12T16:30:40.000+00:00
1213,장지IC하향,37.469719,127.124667,2022-12-12T16:30:39.000+00:00
1217,역촌시장,37.612417,126.915330,2022-12-12T16:30:39.000+00:00
1219,홍대역2번출구,37.556703,126.923605,2022-12-12T16:30:39.000+00:00
1221,언북중학교,37.520004,127.034507,2022-12-12T16:30:39.000+00:00
1224,망우역,37.598187,127.092806,2022-12-12T16:30:39.000+00:00
1225,코스트코상봉,37.597712,127.090747,2022-12-12T16:30:39.000+00:00
1226,상봉지하차도,37.597082,127.088089,2022-12-12T16:30:39.000+00:00
1228,상봉역,37.596367,127.085541,2022-12-12T16:30:39.000+00:00
1229,서울중랑우체국,37.595816,127.083489,2022-12-12T16:30:39.000+00:00
1230,우리은행중랑교지점,37.593697,127.075049,2022-12-12T16:30:39.000+00:00
1248,대조불광시장,37.609005,126.927132,2022-12-12T16:30:39.000+00:00
1250,신월사거리,37.535878,126.828306,2022-12-12T16:30:40.000+00:00
1251,목동812동,37.519225,126.868219,2022-12-12T16:30:40.000+00:00
1258,신월1지구대입구,37.531800,126.831106,2022-12-12T16:30:40.000+00:00
1259,공항빗물펌프장,37.556419,126.816395,2022-12-12T16:30:40.000+00:00
1260,대창빌딩,37.554934,126.816471,2022-12-12T16:30:40.000+00:00
1262,강서구의회앞,37.546579,126.862779,2022-12-12T16:30:39.000+00:00
1268,국민은행중화동지점,37.598177,127.080172,2022-12-12T16:30:40.000+00:00
1274,한국컨벤션웨딩,37.497276,126.855287,2022-12-12T16:30:40.000+00:00
1275,양정중,37.535838,126.887817,2022-12-12T16:30:39.000+00:00
1277,낙성대역앞,37.477310,126.963225,2022-12-12T16:30:40.000+00:00
1283,제일제당앞,37.499753,126.874631,2022-12-12T16:30:39.000+00:00
1284,신도림대우푸르지오,37.509422,126.888870,2022-12-12T16:30:39.000+00:00
1286,외발산사거리,37.551856,126.816577,2022-12-12T16:30:40.000+00:00
1289,성수SKV1센터,37.546903,127.066662,2022-12-12T16:30:40.000+00:00
129,화곡고가밑,37.527766,126.848959,2022-12-12T16:30:39.000+00:00
1294,여의도공원,37.524253,126.921672,2022-12-12T16:30:39.000+00:00
1296,여의도광장,37.526968,126.925991,2022-12-12T16:30:39.000+00:00
130,목동사거리,37.532407,126.863739,2022-12-12T16:30:39.000+00:00
1300,신트리공원앞,37.513669,126.855870,2022-12-12T16:30:39.000+00:00
1307,신도림SK뷰,37.507725,126.886434,2022-12-12T16:30:39.000+00:00
131,홍익병원,37.529852,126.863981,2022-12-12T16:30:39.000+00:00
1311,대림우성아파트,37.494349,126.910888,2022-12-12T16:30:40.000+00:00
1312,강남웨딩문화원,37.486771,126.904682,2022-12-12T16:30:39.000+00:00
1313,사육신공원,37.512723,126.950755,2022-12-12T16:30:40.000+00:00
1317,경남교수아파트,37.496594,126.914282,2022-12-12T16:30:40.000+00:00
132,목동7단지,37.527705,126.864169,2022-12-12T16:30:40.000+00:00
1324,기상청입구,37.497195,126.917560,2022-12-12T16:30:40.000+00:00
1327,태릉시장,37.599561,127.079904,2022-12-12T16:30:40.000+00:00
133,목동역,37.526131,126.864330,2022-12-12T16:30:40.000+00:00
134,"남부법원,검찰청",37.522482,126.865433,2022-12-12T16:30:40.000+00:00
1365,방화초교,37.567800,126.807633,2022-12-12T16:30:39.000+00:00
1366,목동119안전센터,37.542824,126.883961,2022-12-12T16:30:39.000+00:00
1375,서초롯데캐슬아파트,37.500832,127.022373,2022-12-12T16:30:39.000+00:00
1383,안암교,37.577052,127.028177,2022-12-12T16:30:39.000+00:00
139,영등포구청앞,37.525988,126.896668,2022-12-12T16:30:39.000+00:00
1392,806전투경찰대,37.619281,126.905565,2022-12-12T16:30:39.000+00:00
1395,은혜산부인과,37.607864,126.924780,2022-12-12T16:30:39.000+00:00
1396,양광교회,37.608492,126.928696,2022-12-12T16:30:39.000+00:00
1400,중화역,37.601590,127.079458,2022-12-12T16:30:40.000+00:00
141,남정초교,37.536755,126.964016,2022-12-12T16:30:39.000+00:00
1411,발산역,37.558565,126.838231,2022-12-12T16:30:39.000+00:00
1412,궁동터널입구,37.507075,126.838211,2022-12-12T16:30:39.000+00:00
1417,신정배수펌프장,37.525531,126.877868,2022-12-12T16:30:39.000+00:00
142,한진해운빌딩앞,37.524089,126.925523,2022-12-12T16:30:40.000+00:00
1424,교보타워사거리,37.504521,127.024486,2022-12-12T16:30:39.000+00:00
1426,산골고개,37.597612,126.938609,2022-12-12T16:30:39.000+00:00
1429,정은스카이빌,37.522350,126.850216,2022-12-12T16:30:39.000+00:00
143,공항천주교회,37.555088,126.812375,2022-12-12T16:30:40.000+00:00
1437,KBS스포츠월드,37.556837,126.849789,2022-12-12T16:30:39.000+00:00
1445,동문빌딩,37.521262,126.868722,2022-12-12T16:30:40.000+00:00
1446,AT센터,37.468611,127.039847,2022-12-12T16:30:39.000+00:00
1449,월드빌아파트,37.586706,126.912364,2022-12-12T16:30:39.000+00:00
146,탑성마을,37.458799,127.056000,2022-12-12T16:30:39.000+00:00
1460,개나리아파트정문,37.499360,127.047182,2022-12-12T16:30:39.000+00:00
1463,종로노인복지관앞,37.575613,127.005009,2022-12-12T16:30:39.000+00:00
1467,가리봉사거리,37.481796,126.886696,2022-12-12T16:30:40.000+00:00
1473,흰돌교회,37.588421,127.079997,2022-12-12T16:30:40.000+00:00
148,국회의사당,37.528805,126.916596,2022-12-12T16:30:39.000+00:00
1480,양천향교역,37.568455,126.841313,2022-12-12T16:30:39.000+00:00
1481,공진중학교,37.564402,126.848860,2022-12-12T16:30:39.000+00:00
1483,개봉1동사거리,37.501598,126.846559,2022-12-12T16:30:40.000+00:00
1486,등촌역,37.551443,126.864000,2022-12-12T16:30:39.000+00:00
149,국회도서관,37.530332,126.919097,2022-12-12T16:30:39.000+00:00
1496,사러가시장앞,37.505848,126.911017,2022-12-12T16:30:40.000+00:00
150,서울디자인지원센터,37.572939,127.007575,2022-12-12T16:30:39.000+00:00
1506,종묘입구,37.572605,126.991531,2022-12-12T16:30:39.000+00:00
151,이화사거리,37.576168,127.002210,2022-12-12T16:30:40.000+00:00
1510,심미아파트,37.525044,126.856211,2022-12-12T16:30:39.000+00:00
1524,가리봉치안센터,37.478728,126.893644,2022-12-12T16:30:40.000+00:00
1525,"목동13,14단지",37.514037,126.869718,2022-12-12T16:30:40.000+00:00
1526,강서면허시험장,37.548597,126.819993,2022-12-12T16:30:40.000+00:00
1529,서남충전소,37.572757,126.828841,2022-12-12T16:30:39.000+00:00
1531,서빙고역,37.520289,126.990666,2022-12-12T16:30:39.000+00:00
1536,부암동주민센터,37.592851,126.964058,2022-12-12T16:30:39.000+00:00
1537,정동,37.568327,126.969161,2022-12-12T16:30:39.000+00:00
1546,등서초교입구,37.552679,126.853288,2022-12-12T16:30:39.000+00:00
155,송정동공영주차장,37.550157,127.068538,2022-12-12T16:30:40.000+00:00
1554,대조초교,37.613253,126.917613,2022-12-12T16:30:39.000+00:00
156,혜화동로터리,37.585536,127.001197,2022-12-12T16:30:39.000+00:00
1567,응암1동경향렉스빌,37.601064,126.925125,2022-12-12T16:30:39.000+00:00
157,세운상가,37.570568,126.995043,2022-12-12T16:30:39.000+00:00
1574,동대문역,37.572014,127.012257,2022-12-12T16:30:39.000+00:00
158,청계6가,37.569942,127.009689,2022-12-12T16:30:39.000+00:00
160,삼성힐스테이트2단지앞,37.512433,127.051197,2022-12-12T16:30:39.000+00:00
1602,대일고교,37.539315,126.863723,2022-12-12T16:30:40.000+00:00
161,세곡동주민센터앞,37.469240,127.107962,2022-12-12T16:30:39.000+00:00
1611,탑골공원,37.571604,126.987635,2022-12-12T16:30:39.000+00:00
1612,군악대,37.501868,126.979786,2022-12-12T16:30:40.000+00:00
1619,서울역사박물관,37.569843,126.971325,2022-12-12T16:30:39.000+00:00
1620,국일관,37.570302,126.989730,2022-12-12T16:30:39.000+00:00
1627,영림중,37.496963,126.892101,2022-12-12T16:30:40.000+00:00
1648,한전성서지점,37.605741,126.934124,2022-12-12T16:30:39.000+00:00
1649,대성주유소,37.603858,126.934910,2022-12-12T16:30:39.000+00:00
165,신목동역,37.544140,126.883113,2022-12-12T16:30:39.000+00:00
1650,가양주유소앞,37.566171,126.845530,2022-12-12T16:30:39.000+00:00
1656,수락산역남측,37.676055,127.055283,2022-12-12T16:30:40.000+00:00
1659,당산중,37.532008,126.905756,2022-12-12T16:30:40.000+00:00
1661,노일초교,37.673971,127.055403,2022-12-12T16:30:40.000+00:00
1662,가좌역,37.569115,126.915272,2022-12-12T16:30:39.000+00:00
167,압구정현대아파트77동앞,37.530293,127.027714,2022-12-12T16:30:39.000+00:00
1670,화양사거리,37.548327,127.067470,2022-12-12T16:30:40.000+00:00
1694,성수1차대우아파트,37.545567,127.065930,2022-12-12T16:30:40.000+00:00
1722,성수2가,37.540307,127.062936,2022-12-12T16:30:40.000+00:00
173,영동전화국,37.505032,127.041626,2022-12-12T16:30:39.000+00:00
1730,삼성관음아파트,37.552642,126.870003,2022-12-12T16:30:39.000+00:00
1736,수락초교,37.683681,127.055430,2022-12-12T16:30:40.000+00:00
1737,용산역앞,37.526443,126.965271,2022-12-12T16:30:39.000+00:00
1738,홍파복지원,37.680688,127.055443,2022-12-12T16:30:40.000+00:00
1742,도봉면허시험장,37.657953,127.059561,2022-12-12T16:30:40.000+00:00
1743,"상계2,6단지",37.651439,127.061358,2022-12-12T16:30:40.000+00:00
1744,중계근린공원,37.641122,127.065929,2022-12-12T16:30:40.000+00:00
1745,노원구민의정당,37.638739,127.066998,2022-12-12T16:30:40.000+00:00
1746,하계역,37.635961,127.068213,2022-12-12T16:30:40.000+00:00
1747,농협공릉지점,37.622244,127.074123,2022-12-12T16:30:40.000+00:00
175,역삼금호어울림,37.492650,127.034099,2022-12-12T16:30:39.000+00:00
176,우리은행역삼,37.493516,127.040370,2022-12-12T16:30:39.000+00:00
1797,마들역,37.664543,127.057826,2022-12-12T16:30:40.000+00:00
1807,삼성해청아파트,37.517678,127.043758,2022-12-12T16:30:39.000+00:00
1812,신설동역,37.575580,127.023227,2022-12-12T16:30:39.000+00:00
1813,광화문,37.575572,126.976850,2022-12-12T16:30:39.000+00:00
1814,종로6가,37.571103,127.006708,2022-12-12T16:30:39.000+00:00
1815,경복궁,37.575854,126.979420,2022-12-12T16:30:39.000+00:00
1816,종로4가,37.570742,126.997769,2022-12-12T16:30:39.000+00:00
1817,종로구청입구,37.570202,126.979314,2022-12-12T16:30:39.000+00:00
1818,종로백화점약국,37.571040,127.003762,2022-12-12T16:30:39.000+00:00
1819,종로1가,37.570226,126.982975,2022-12-12T16:30:39.000+00:00
1820,종로2가,37.570205,126.987685,2022-12-12T16:30:39.000+00:00
1821,세종대로사거리,37.570175,126.977029,2022-12-12T16:30:39.000+00:00
1822,통인교차로,37.579453,126.971349,2022-12-12T16:30:40.000+00:00
1823,신교동,37.583844,126.970395,2022-12-12T16:30:40.000+00:00
1826,안국역,37.576858,126.986180,2022-12-12T16:30:39.000+00:00
1827,통인시장,37.581461,126.970864,2022-12-12T16:30:40.000+00:00
1828,하림각,37.597819,126.962612,2022-12-12T16:30:39.000+00:00
1829,자하문터널북단,37.595180,126.963652,2022-12-12T16:30:39.000+00:00
1830,재향군인회,37.573361,126.997578,2022-12-12T16:30:39.000+00:00
1831,혜화역,37.582947,127.001763,2022-12-12T16:30:39.000+00:00
1832,무악재역,37.581977,126.950518,2022-12-12T16:30:39.000+00:00
1835,광교,37.569037,126.982779,2022-12-12T16:30:39.000+00:00
1836,합청,37.579417,126.973826,2022-12-12T16:30:39.000+00:00
1838,구기동정류장,37.607033,126.958785,2022-12-12T16:30:39.000+00:00
1839,종로5가,37.571001,127.001925,2022-12-12T16:30:39.000+00:00
1843,낙원상가,37.573545,126.987680,2022-12-12T16:30:39.000+00:00
1846,구기터널,37.608468,126.956714,2022-12-12T16:30:39.000+00:00
1847,신영소방서,37.605831,126.960618,2022-12-12T16:30:39.000+00:00
185,인권빌딩,37.534245,126.863597,2022-12-12T16:30:39.000+00:00
1850,청계2가,37.568279,126.987686,2022-12-12T16:30:39.000+00:00
1851,창경궁,37.579041,126.996682,2022-12-12T16:30:39.000+00:00
1854,조계사,37.573943,126.982937,2022-12-12T16:30:39.000+00:00
1855,팔판동,37.581068,126.980253,2022-12-12T16:30:39.000+00:00
1857,정부서울청사,37.575758,126.974331,2022-12-12T16:30:39.000+00:00
186,용두119안전센터앞,37.578082,127.031738,2022-12-12T16:30:39.000+00:00
1861,우리은행효자,37.578118,126.971862,2022-12-12T16:30:40.000+00:00
1863,종로3가,37.570420,126.992138,2022-12-12T16:30:39.000+00:00
1864,청계4가,37.569031,126.997923,2022-12-12T16:30:39.000+00:00
1865,동묘앞역,37.573022,127.015634,2022-12-12T16:30:39.000+00:00
1866,성균관대입구,37.583016,126.998750,2022-12-12T16:30:39.000+00:00
1867,국립과학관,37.581494,126.997005,2022-12-12T16:30:39.000+00:00
1871,LG전자,37.481513,126.950418,2022-12-12T16:30:40.000+00:00
1873,낙성대입구,37.478527,126.959885,2022-12-12T16:30:40.000+00:00
1882,강서운전면허시험장입구,37.549364,126.819563,2022-12-12T16:30:40.000+00:00
1893,강서한강자이타워,37.565640,126.846572,2022-12-12T16:30:39.000+00:00
1899,한강대교북단,37.522419,126.961776,2022-12-12T16:30:39.000+00:00
1904,목동월드파크빌,37.540871,126.863745,2022-12-12T16:30:40.000+00:00
1911,동일로주유소,37.567947,127.078592,2022-12-12T16:30:40.000+00:00
1917,은일로즈힐아파트,37.516312,126.836957,2022-12-12T16:30:39.000+00:00
1918,신화중학교,37.539501,126.830903,2022-12-12T16:30:39.000+00:00
1921,삼일빌딩앞,37.562707,127.000321,2022-12-12T16:30:39.000+00:00
1922,홍은풍림아파트,37.595159,126.940285,2022-12-12T16:30:39.000+00:00
1923,홍제역,37.588005,126.945108,2022-12-12T16:30:39.000+00:00
1924,무악재한화아파트,37.582739,126.950141,2022-12-12T16:30:39.000+00:00
1926,안산초교,37.580580,126.951786,2022-12-12T16:30:39.000+00:00
1929,서울역R,37.557050,126.972624,2022-12-12T16:30:39.000+00:00
1946,청계광장,37.569415,126.977198,2022-12-12T16:30:39.000+00:00
1963,대명신협,37.578657,127.040390,2022-12-12T16:30:39.000+00:00
1971,평안섬유공업사,37.589150,127.058913,2022-12-12T16:30:39.000+00:00
198,신도림역,37.510226,126.890368,2022-12-12T16:30:39.000+00:00
1988,그랜드마트,37.559661,126.838633,2022-12-12T16:30:39.000+00:00
199,신도림주민센터,37.505764,126.883605,2022-12-12T16:30:39.000+00:00
1990,팬코,37.560770,126.838986,2022-12-12T16:30:39.000+00:00
1991,등촌1-10단지,37.563219,126.839794,2022-12-12T16:30:39.000+00:00
1992,대륭드림타운,37.566550,126.840844,2022-12-12T16:30:39.000+00:00
1999,원남동사거리,37.575913,126.997349,2022-12-12T16:30:39.000+00:00
200,구로역,37.503025,126.879809,2022-12-12T16:30:39.000+00:00
20001,이촌역앞(연등),37.522979,126.972103,2022-12-12T16:30:39.000+00:00
20009,구로경찰서(연등),37.494341,126.887073,2022-12-12T16:30:40.000+00:00
20026,삼성동센트럴아이파크(연등),37.516277,127.051605,2022-12-12T16:30:39.000+00:00
20030,강남세무서(연등)1,37.518419,127.048010,2022-12-12T16:30:39.000+00:00
20034,논현지구대(연등),37.512776,127.026808,2022-12-12T16:30:39.000+00:00
20035,전기공제회관(연등),37.514299,127.020120,2022-12-12T16:30:39.000+00:00
20036,국제기술학교(연등)1,37.518142,127.028807,2022-12-12T16:30:39.000+00:00
20038,영동고(연등)1,37.521664,127.039641,2022-12-12T16:30:39.000+00:00
20039,청담천주교회(연등),37.521505,127.048797,2022-12-12T16:30:39.000+00:00
20041,우리은행청담(연등),37.522263,127.055811,2022-12-12T16:30:39.000+00:00
20042,영동대교남단(연등),37.524851,127.052718,2022-12-12T16:30:39.000+00:00
20045,학동(연등)1,37.523502,127.041606,2022-12-12T16:30:39.000+00:00
20046,도산공원(연등),37.522128,127.035730,2022-12-12T16:30:39.000+00:00
20047,삼화콘덴서(연등),37.520933,127.031953,2022-12-12T16:30:39.000+00:00
20054,청담초교(연등),37.526604,127.045408,2022-12-12T16:30:39.000+00:00
20056,광림교회(연등),37.526115,127.026358,2022-12-12T16:30:39.000+00:00
20057,현대고(연등),37.523433,127.021038,2022-12-12T16:30:39.000+00:00
20058,한남대교남단(연등)1,37.522381,127.019075,2022-12-12T16:30:39.000+00:00
20064,한양타운(연등),37.525780,127.039991,2022-12-12T16:30:39.000+00:00
20077,롯데백화점도곡(연등),37.497379,127.056202,2022-12-12T16:30:39.000+00:00
20082,쟁골마을(연등),37.483224,127.104478,2022-12-12T16:30:39.000+00:00
20086,헌인릉입구(연등),37.460053,127.080002,2022-12-12T16:30:39.000+00:00
20089,세곡동사거리(연등)1,37.464849,127.109960,2022-12-12T16:30:39.000+00:00
20093,자곡사거리(연등),37.475238,127.105290,2022-12-12T16:30:39.000+00:00
20097,대왕중교(연등),37.484040,127.089166,2022-12-12T16:30:39.000+00:00
20098,태화복지관앞(연등),37.484832,127.092701,2022-12-12T16:30:39.000+00:00
201,중앙유통단지,37.501148,126.877234,2022-12-12T16:30:39.000+00:00
2010,강서도로사업소,37.572729,126.829974,2022-12-12T16:30:39.000+00:00
20101,수서역(연등)1,37.488424,127.100301,2022-12-12T16:30:39.000+00:00
20109,서초삼성스위트아파트(연등),37.494006,127.025632,2022-12-12T16:30:39.000+00:00
20130,목동사거리(연등),37.532701,126.866082,2022-12-12T16:30:39.000+00:00
20133,목동역(연등)1,37.526293,126.863500,2022-12-12T16:30:40.000+00:00
20134,"남부법원,검찰청(연등)",37.524412,126.864834,2022-12-12T16:30:40.000+00:00
20142,한진해운빌딩앞(연등),37.524733,126.924865,2022-12-12T16:30:40.000+00:00
20146,탑성마을(연등),37.459754,127.054325,2022-12-12T16:30:39.000+00:00
20148,국회의사당(연등),37.529190,126.917255,2022-12-12T16:30:39.000+00:00
20158,청계6가(연등),37.569639,127.009731,2022-12-12T16:30:39.000+00:00
20160,삼성힐스테이트2단지앞(연등),37.511982,127.049680,2022-12-12T16:30:39.000+00:00
2017,유광사산부인과,37.543253,126.838870,2022-12-12T16:30:39.000+00:00
202,고척교,37.498884,126.871792,2022-12-12T16:30:39.000+00:00
2028,이태원소방파출소,37.534603,126.995587,2022-12-12T16:30:40.000+00:00
20379,IBK기업은행대림동지점(연등),37.497046,126.898991,2022-12-12T16:30:40.000+00:00
20386,망원역(연등),37.556879,126.909397,2022-12-12T16:30:39.000+00:00
2040,청량리119안전센터,37.587103,127.052647,2022-12-12T16:30:39.000+00:00
20401,월곡뉴타운정류장(연등)1,37.607135,127.028538,2022-12-12T16:30:39.000+00:00
20406,삼양입구사거리(연등)1,37.616641,127.029846,2022-12-12T16:30:39.000+00:00
20408,도봉세무서(연등),37.618982,127.029059,2022-12-12T16:30:39.000+00:00
20409,방송대북부별관(연등),37.620706,127.028410,2022-12-12T16:30:39.000+00:00
20410,미아역(연등),37.627149,127.025859,2022-12-12T16:30:39.000+00:00
20414,수유사거리(연등),37.633553,127.023413,2022-12-12T16:30:39.000+00:00
20416,대한병원(연등),37.636287,127.023072,2022-12-12T16:30:39.000+00:00
2042,"가양3,5단지",37.562891,126.851744,2022-12-12T16:30:39.000+00:00
20423,수유3동우체국(연등),37.642193,127.030145,2022-12-12T16:30:39.000+00:00
2043,등촌아이파크아파트,37.543945,126.862163,2022-12-12T16:30:39.000+00:00
20458,명보사거리(연등),37.562757,126.993087,2022-12-12T16:30:39.000+00:00
20470,불광역(연등),37.612122,126.928524,2022-12-12T16:30:39.000+00:00
20472,연신내로데오(연등),37.618401,126.920178,2022-12-12T16:30:39.000+00:00
20477,역촌사거리(연등),37.607567,126.921792,2022-12-12T16:30:39.000+00:00
20478,역촌역(연등),37.605473,126.922623,2022-12-12T16:30:39.000+00:00
20482,신사오거리(연등)1,37.599523,126.916596,2022-12-12T16:30:39.000+00:00
20483,청운아파트(연등),37.594598,126.914548,2022-12-12T16:30:39.000+00:00
20484,새절역(연등),37.593338,126.913165,2022-12-12T16:30:39.000+00:00
2049,"3,4번정문",37.534945,126.984715,2022-12-12T16:30:40.000+00:00
2050,청파동삼거리,37.548211,126.970055,2022-12-12T16:30:39.000+00:00
2051,청파동입구,37.549558,126.971812,2022-12-12T16:30:39.000+00:00
20529,선정중고입구(연등),37.616156,126.907756,2022-12-12T16:30:39.000+00:00
20538,강월초교(연등),37.516178,126.834834,2022-12-12T16:30:39.000+00:00
2054,국립중앙박물관,37.521521,126.977124,2022-12-12T16:30:39.000+00:00
20559,발산119안전센터(연등),37.556592,126.837618,2022-12-12T16:30:39.000+00:00
2056,국방부,37.534642,126.975818,2022-12-12T16:30:40.000+00:00
2059,남영삼거리,37.542048,126.972779,2022-12-12T16:30:39.000+00:00
2060,남영역,37.541682,126.970787,2022-12-12T16:30:39.000+00:00
2061,다래원,37.534708,126.997311,2022-12-12T16:30:40.000+00:00
2062,데이콤빌딩,37.524188,126.963214,2022-12-12T16:30:39.000+00:00
2063,동빙고동,37.529453,126.991351,2022-12-12T16:30:39.000+00:00
2064,동자동,37.551128,126.972214,2022-12-12T16:30:39.000+00:00
20643,미아서광빌딩(연등),37.623176,127.027434,2022-12-12T16:30:39.000+00:00
20644,숭인시장(연등),37.613215,127.030070,2022-12-12T16:30:39.000+00:00
20648,한성대(연등)1,37.590756,127.011183,2022-12-12T16:30:39.000+00:00
2065,대림1동공영주차장앞,37.493279,126.901198,2022-12-12T16:30:40.000+00:00
20659,강서보건소앞(연등),37.549262,126.868095,2022-12-12T16:30:39.000+00:00
2067,버들약국,37.536761,127.000436,2022-12-12T16:30:40.000+00:00
2068,KT한강로빌딩,37.531558,126.970193,2022-12-12T16:30:39.000+00:00
20685,신방화사거리(연등)1,37.573372,126.818093,2022-12-12T16:30:39.000+00:00
2070,"1,2번정문",37.534762,126.980756,2022-12-12T16:30:40.000+00:00
2074,북한남삼거리,37.542090,127.002380,2022-12-12T16:30:40.000+00:00
20745,박석고개(연등),37.625967,126.920110,2022-12-12T16:30:39.000+00:00
20746,북한산래미안(연등),37.610849,126.941442,2022-12-12T16:30:39.000+00:00
20748,신한은행갈현(연등),37.624681,126.919969,2022-12-12T16:30:39.000+00:00
2075,삼각지역,37.535675,126.974013,2022-12-12T16:30:39.000+00:00
20758,구로전화국(연등),37.479634,126.902567,2022-12-12T16:30:40.000+00:00
2078,소화아동병원,37.553911,126.969040,2022-12-12T16:30:39.000+00:00
208,덕은교,37.590991,126.882599,2022-12-12T16:30:39.000+00:00
2080,숙명여대입구,37.544914,126.970608,2022-12-12T16:30:39.000+00:00
2081,숙대입구역7번출구,37.543332,126.972495,2022-12-12T16:30:39.000+00:00
2084,신한은행원효,37.535966,126.962831,2022-12-12T16:30:39.000+00:00
2085,용마슈퍼,37.540625,126.958269,2022-12-12T16:30:39.000+00:00
2086,효창공원앞역,37.539299,126.961377,2022-12-12T16:30:39.000+00:00
2088,용산1호정문,37.537726,126.973923,2022-12-12T16:30:39.000+00:00
20883,묵2동(연등),37.609635,127.077976,2022-12-12T16:30:40.000+00:00
209,수색교,37.587009,126.887246,2022-12-12T16:30:39.000+00:00
2090,용산보건소,37.537997,126.966340,2022-12-12T16:30:39.000+00:00
2091,용산서,37.540218,126.969001,2022-12-12T16:30:39.000+00:00
2092,용산역,37.527280,126.966027,2022-12-12T16:30:39.000+00:00
20922,동곡삼거리(연등),37.562089,127.075268,2022-12-12T16:30:40.000+00:00
2093,용산우체국,37.530262,126.968970,2022-12-12T16:30:39.000+00:00
20938,오장동사거리(연등),37.565649,127.002443,2022-12-12T16:30:39.000+00:00
2094,숙대입구역,37.545110,126.972005,2022-12-12T16:30:39.000+00:00
2095,원효로2가,37.535362,126.961637,2022-12-12T16:30:39.000+00:00
2096,원효3가,37.534211,126.958772,2022-12-12T16:30:39.000+00:00
20976,신한은행신월동지점(연등),37.518861,126.842970,2022-12-12T16:30:39.000+00:00
20980,롯데마트서울역(연등),37.554921,126.967755,2022-12-12T16:30:39.000+00:00
20985,한성대입구역(연등)1,37.587675,127.004016,2022-12-12T16:30:39.000+00:00
20996,까치고개(연등),37.476183,126.965893,2022-12-12T16:30:40.000+00:00
210,수색서광빌딩,37.583931,126.891878,2022-12-12T16:30:39.000+00:00
2100,이촌역,37.522401,126.974385,2022-12-12T16:30:39.000+00:00
2102,이태원,37.534266,126.990285,2022-12-12T16:30:40.000+00:00
2104,전자랜드,37.533120,126.961592,2022-12-12T16:30:39.000+00:00
2105,송원초교,37.553177,127.070241,2022-12-12T16:30:40.000+00:00
2106,전자상가입구,37.529533,126.968240,2022-12-12T16:30:39.000+00:00
21066,우리은행중화(연등),37.606461,127.078571,2022-12-12T16:30:40.000+00:00
21073,서울과학기술대입구(연등),37.627480,127.072108,2022-12-12T16:30:40.000+00:00
21075,중계경남아파트(연등),37.643265,127.063670,2022-12-12T16:30:40.000+00:00
21092,강서소방서(연등)1,37.558270,126.860393,2022-12-12T16:30:39.000+00:00
211,LG베스트샵수색점,37.583171,126.893669,2022-12-12T16:30:39.000+00:00
21108,역말사거리(연등)1,37.605794,126.914520,2022-12-12T16:30:39.000+00:00
2111,철도정비창,37.532742,126.957575,2022-12-12T16:30:39.000+00:00
21133,양화교밑(연등),37.546922,126.879356,2022-12-12T16:30:39.000+00:00
2114,한강중교앞,37.525706,126.991839,2022-12-12T16:30:39.000+00:00
21142,광영여고(연등),37.539196,126.822214,2022-12-12T16:30:39.000+00:00
21147,강서구청(연등)1,37.552173,126.849976,2022-12-12T16:30:39.000+00:00
21149,신월초교입구(연등),37.540940,126.837822,2022-12-12T16:30:39.000+00:00
21156,양강중(연등)1,37.524266,126.851798,2022-12-12T16:30:39.000+00:00
21165,먹골역(연등)1,37.612087,127.077837,2022-12-12T16:30:40.000+00:00
21167,우리은행태릉역지점(연등),37.614221,127.076776,2022-12-12T16:30:40.000+00:00
21168,길음역(연등)1,37.603926,127.024734,2022-12-12T16:30:39.000+00:00
2117,한남오거리,37.533366,127.007687,2022-12-12T16:30:39.000+00:00
21172,공릉역(연등)1,37.625934,127.072859,2022-12-12T16:30:40.000+00:00
21179,우장산역(연등),37.549490,126.836349,2022-12-12T16:30:39.000+00:00
2118,한남역,37.528614,127.006778,2022-12-12T16:30:39.000+00:00
21183,서초푸르지오써밋(연등)1,37.501241,127.022201,2022-12-12T16:30:39.000+00:00
21188,녹번초교(연등),37.604785,126.924271,2022-12-12T16:30:39.000+00:00
21190,방화사거리(연등),37.573206,126.810163,2022-12-12T16:30:39.000+00:00
21192,거리공원오거리(연등),37.497858,126.893869,2022-12-12T16:30:40.000+00:00
21195,계남공원(연등),37.510276,126.859005,2022-12-12T16:30:39.000+00:00
21198,한국환경산업기술원(연등),37.609674,126.935420,2022-12-12T16:30:39.000+00:00
212,수색역,37.582170,126.895420,2022-12-12T16:30:39.000+00:00
21201,대림부동산(연등),37.485250,126.937447,2022-12-12T16:30:40.000+00:00
21203,진광공업사(연등),37.482532,126.949238,2022-12-12T16:30:40.000+00:00
21213,장지IC하향(연등),37.470035,127.124530,2022-12-12T16:30:39.000+00:00
21217,역촌시장(연등),37.612935,126.914000,2022-12-12T16:30:39.000+00:00
21219,홍대역2번출구(연등),37.557206,126.924221,2022-12-12T16:30:39.000+00:00
2124,이태원역,37.534494,126.993915,2022-12-12T16:30:40.000+00:00
21250,신월사거리(연등),37.537144,126.827493,2022-12-12T16:30:40.000+00:00
21251,목동812동(연등),37.520767,126.868635,2022-12-12T16:30:40.000+00:00
21260,대창빌딩(연등),37.553863,126.816498,2022-12-12T16:30:40.000+00:00
21277,낙성대역앞(연등),37.477049,126.963664,2022-12-12T16:30:40.000+00:00
21283,제일제당앞(연등),37.500404,126.875952,2022-12-12T16:30:39.000+00:00
213,수색디지털프라자,37.580811,126.897695,2022-12-12T16:30:39.000+00:00
21311,대림우성아파트(연등),37.495441,126.911499,2022-12-12T16:30:40.000+00:00
21313,사육신공원(연등),37.512802,126.949485,2022-12-12T16:30:40.000+00:00
21324,기상청입구(연등),37.496971,126.916440,2022-12-12T16:30:40.000+00:00
21365,방화초교(연등),37.567803,126.809134,2022-12-12T16:30:39.000+00:00
21375,서초롯데캐슬아파트(연등),37.499912,127.022804,2022-12-12T16:30:39.000+00:00
214,수색E마트앞,37.579533,126.899895,2022-12-12T16:30:39.000+00:00
21400,중화역(연등),37.603605,127.079098,2022-12-12T16:30:40.000+00:00
21417,신정배수펌프장(연등),37.525652,126.876921,2022-12-12T16:30:39.000+00:00
2144,한강자이에클라트,37.531794,126.955391,2022-12-12T16:30:39.000+00:00
21445,동문빌딩(연등),37.522424,126.869004,2022-12-12T16:30:40.000+00:00
2148,신정3동우체국,37.512863,126.853541,2022-12-12T16:30:39.000+00:00
21481,공진중학교(연등)1,37.565058,126.847604,2022-12-12T16:30:39.000+00:00
21483,개봉1동사거리(연등),37.501988,126.847615,2022-12-12T16:30:40.000+00:00
21486,등촌역(연등)1,37.550928,126.864686,2022-12-12T16:30:39.000+00:00
215,디지털미디어씨티역,37.578184,126.901724,2022-12-12T16:30:39.000+00:00
2151,한마을아파트,37.496635,126.862762,2022-12-12T16:30:40.000+00:00
2152,수락초교삼거리,37.684729,127.055475,2022-12-12T16:30:40.000+00:00
21536,부암동주민센터(연등),37.592816,126.964496,2022-12-12T16:30:39.000+00:00
21554,대조초교(연등),37.614248,126.917776,2022-12-12T16:30:39.000+00:00
21602,대일고교(연등),37.537883,126.863569,2022-12-12T16:30:40.000+00:00
21611,탑골공원(연등),37.572692,126.987838,2022-12-12T16:30:39.000+00:00
21619,서울역사박물관(연등),37.569255,126.970527,2022-12-12T16:30:39.000+00:00
2162,복정역,37.470752,127.126758,2022-12-12T16:30:39.000+00:00
21627,영림중(연등),37.496141,126.890585,2022-12-12T16:30:40.000+00:00
21659,당산중(연등)1,37.531191,126.905776,2022-12-12T16:30:40.000+00:00
21670,화양사거리(연등),37.548192,127.065678,2022-12-12T16:30:40.000+00:00
21694,성수1차대우아파트(연등),37.544261,127.065194,2022-12-12T16:30:40.000+00:00
21722,성수2가(연등),37.539388,127.062385,2022-12-12T16:30:40.000+00:00
21737,용산역앞(연등),37.526942,126.964324,2022-12-12T16:30:39.000+00:00
21738,홍파복지원(연등),37.679689,127.055362,2022-12-12T16:30:40.000+00:00
21747,농협공릉지점(연등),37.623453,127.073750,2022-12-12T16:30:40.000+00:00
2176,헌릉IC,37.461793,127.085237,2022-12-12T16:30:39.000+00:00
2179,신정이펜하우스3단지,37.513898,126.828698,2022-12-12T16:30:39.000+00:00
21816,종로4가(연등)1,37.570147,126.997883,2022-12-12T16:30:39.000+00:00
21821,세종대로사거리(연등)1,37.570092,126.975686,2022-12-12T16:30:39.000+00:00
21828,하림각(연등),37.599093,126.960366,2022-12-12T16:30:39.000+00:00
2183,신정푸른마을입구,37.515133,126.833272,2022-12-12T16:30:39.000+00:00
21830,재향군인회(연등),37.574215,126.997577,2022-12-12T16:30:39.000+00:00
21831,혜화역(연등)1,37.583847,127.001602,2022-12-12T16:30:39.000+00:00
21832,무악재역(연등),37.581322,126.950929,2022-12-12T16:30:39.000+00:00
21835,광교(연등),37.568724,126.982764,2022-12-12T16:30:39.000+00:00
21843,낙원상가(연등),37.575058,126.986855,2022-12-12T16:30:39.000+00:00
21846,구기터널(연등),37.608276,126.957086,2022-12-12T16:30:39.000+00:00
21847,신영소방서(연등),37.604740,126.961100,2022-12-12T16:30:39.000+00:00
21850,청계2가(연등),37.567980,126.987667,2022-12-12T16:30:39.000+00:00
21851,상암MBC 연등교차로,37.581607,126.891505,2022-12-12T16:30:39.000+00:00
21855,팔판동(연등),37.579996,126.979919,2022-12-12T16:30:39.000+00:00
21857,정부서울청사(연등),37.575833,126.973606,2022-12-12T16:30:39.000+00:00
21864,청계4가(연등),37.568744,126.997982,2022-12-12T16:30:39.000+00:00
21865,동묘앞역(연등)1,37.573460,127.017331,2022-12-12T16:30:39.000+00:00
21873,낙성대입구(연등),37.477930,126.961375,2022-12-12T16:30:40.000+00:00
2189,서부트럭터미널,37.509179,126.842918,2022-12-12T16:30:40.000+00:00
2190,"상계14,16단지",37.670525,127.056252,2022-12-12T16:30:40.000+00:00
21918,신화중학교(연등),37.539454,126.829485,2022-12-12T16:30:39.000+00:00
21923,홍제역(연등),37.588391,126.944658,2022-12-12T16:30:39.000+00:00
2193,씨티21,37.522548,126.895870,2022-12-12T16:30:40.000+00:00
21946,청계광장(연등1),37.569373,126.977600,2022-12-12T16:30:39.000+00:00
2195,대방천사거리,37.498502,126.920236,2022-12-12T16:30:40.000+00:00
2199,압구정역,37.527241,127.028508,2022-12-12T16:30:39.000+00:00
21990,팬코(연등),37.560834,126.838212,2022-12-12T16:30:39.000+00:00
21991,등촌1-10단지(연등),37.563314,126.839009,2022-12-12T16:30:39.000+00:00
21992,대륭드림타운(연등),37.566633,126.840087,2022-12-12T16:30:39.000+00:00
21999,원남동사거리(연등),37.577060,126.997248,2022-12-12T16:30:39.000+00:00
2200,잠수장,37.521028,126.996831,2022-12-12T16:30:40.000+00:00
2201,성수대교남단,37.529175,127.033777,2022-12-12T16:30:39.000+00:00
2203,논현역,37.511113,127.021329,2022-12-12T16:30:39.000+00:00
22043,등촌아이파크아파트(연등),37.545472,126.862437,2022-12-12T16:30:39.000+00:00
2205,한양치안센타,37.528797,127.036933,2022-12-12T16:30:39.000+00:00
22050,청파동삼거리(연등),37.549175,126.969964,2022-12-12T16:30:39.000+00:00
22054,국립중앙박물관(연등),37.520985,126.978904,2022-12-12T16:30:39.000+00:00
22067,버들약국(연등),37.538311,127.001575,2022-12-12T16:30:40.000+00:00
22068,KT한강로빌딩(연등),37.531997,126.970677,2022-12-12T16:30:39.000+00:00
2207,국기원입구,37.499012,127.031032,2022-12-12T16:30:39.000+00:00
22078,소화아동병원(연등),37.552701,126.969134,2022-12-12T16:30:39.000+00:00
2208,가양역,37.561071,126.855156,2022-12-12T16:30:39.000+00:00
22080,숙명여대입구(연등),37.544204,126.970732,2022-12-12T16:30:39.000+00:00
22081,숙대입구역7번출구(연등),37.543753,126.972385,2022-12-12T16:30:39.000+00:00
22086,효창공원앞역(연등),37.540220,126.961772,2022-12-12T16:30:39.000+00:00
22092,용산역(연등),37.527863,126.966609,2022-12-12T16:30:39.000+00:00
22095,원효로2가(연등),37.534410,126.962251,2022-12-12T16:30:39.000+00:00
22102,이태원(연등),37.534379,126.992045,2022-12-12T16:30:40.000+00:00
22104,전자랜드(연등),37.533274,126.959869,2022-12-12T16:30:39.000+00:00
2211,학동역,37.513997,127.030745,2022-12-12T16:30:39.000+00:00
22111,철도정비창(연등)1,37.533022,126.958780,2022-12-12T16:30:39.000+00:00
22114,한강중교앞(연등),37.525294,126.991630,2022-12-12T16:30:39.000+00:00
2212,선릉역,37.504487,127.049027,2022-12-12T16:30:39.000+00:00
2214,포스코사거리,37.506869,127.056637,2022-12-12T16:30:39.000+00:00
22144,한강자이에클라트(연등),37.532314,126.955101,2022-12-12T16:30:39.000+00:00
2215,현대백화점무역센터,37.507738,127.059437,2022-12-12T16:30:39.000+00:00
2216,원혜빌딩,37.508453,127.055790,2022-12-12T16:30:39.000+00:00
22162,복정역(연등),37.470786,127.127646,2022-12-12T16:30:39.000+00:00
2217,역삼역,37.500825,127.036931,2022-12-12T16:30:39.000+00:00
22179,신정이펜하우스3단지(연등),37.513747,126.827249,2022-12-12T16:30:39.000+00:00
2219,르네상스호텔,37.502616,127.042792,2022-12-12T16:30:39.000+00:00
22199,압구정역(연등)1,37.528200,127.028302,2022-12-12T16:30:39.000+00:00
2220,"상계11,13단지",37.667324,127.057102,2022-12-12T16:30:40.000+00:00
22205,한양치안센타(연등)1,37.529145,127.035290,2022-12-12T16:30:39.000+00:00
22207,국기원입구(연등),37.499648,127.033107,2022-12-12T16:30:39.000+00:00
22212,선릉역(연등),37.505840,127.048391,2022-12-12T16:30:39.000+00:00
22214,포스코사거리(연등),37.505442,127.057395,2022-12-12T16:30:39.000+00:00
22227,서강대정문(연등),37.551284,126.937706,2022-12-12T16:30:39.000+00:00
2224,장미아파트앞,37.543451,127.044680,2022-12-12T16:30:40.000+00:00
22246,모래내고가하부(연등),37.566523,126.922084,2022-12-12T16:30:39.000+00:00
22262,안국동사거리(연등),37.576063,126.984413,2022-12-12T16:30:39.000+00:00
2227,서강대정문,37.551555,126.937603,2022-12-12T16:30:39.000+00:00
22270,강남을지병원(연등),37.518917,127.026221,2022-12-12T16:30:39.000+00:00
22276,방화2단지(연등)1,37.573974,126.820492,2022-12-12T16:30:39.000+00:00
22287,베네치아호텔(연등),37.504876,127.035043,2022-12-12T16:30:39.000+00:00
2229,서교동사거리,37.552727,126.918208,2022-12-12T16:30:39.000+00:00
22300,한국폴리텍대학입구(연등),37.545485,126.844668,2022-12-12T16:30:39.000+00:00
22302,증미역(연등)1,37.557769,126.863965,2022-12-12T16:30:39.000+00:00
2231,월드컵파크207동,37.575970,126.891153,2022-12-12T16:30:39.000+00:00
22336,보석빌딩(연등),37.484162,127.045061,2022-12-12T16:30:39.000+00:00
22349,떡전교사거리(연등),37.586268,127.052001,2022-12-12T16:30:39.000+00:00
2235,압구정현대아파트,37.528116,127.030228,2022-12-12T16:30:39.000+00:00
22358,우리은행중화(연등),37.606461,127.078571,2022-12-12T16:30:39.000+00:00
22379,청량리역(연등)1,37.580603,127.045898,2022-12-12T16:30:39.000+00:00
22415,가좌삼거리(연등),37.569886,126.913572,2022-12-12T16:30:39.000+00:00
22419,독립문삼호아파트(연등),37.571615,126.959017,2022-12-12T16:30:39.000+00:00
2242,과학수사연구소,37.520974,126.837666,2022-12-12T16:30:40.000+00:00
22421,동교동삼거리(연등),37.558371,126.925776,2022-12-12T16:30:39.000+00:00
22449,신촌기차역(연등)1,37.559127,126.942101,2022-12-12T16:30:39.000+00:00
22458,연대녹지대앞(연등),37.560169,126.934550,2022-12-12T16:30:39.000+00:00
22459,연세대(연등),37.560082,126.937965,2022-12-12T16:30:39.000+00:00
2246,모래내고가하부,37.566523,126.922084,2022-12-12T16:30:40.000+00:00
22464,연희IC(연등),37.564288,126.928989,2022-12-12T16:30:39.000+00:00
22471,인왕아파트(연등),37.585022,126.948217,2022-12-12T16:30:39.000+00:00
22476,충정로역(연등),37.559338,126.963594,2022-12-12T16:30:39.000+00:00
22477,국민연금북부(연등),37.562127,126.964075,2022-12-12T16:30:39.000+00:00
22481,독립공원(연등),37.575920,126.956201,2022-12-12T16:30:39.000+00:00
22500,굴다리입구(연등),37.559884,126.940391,2022-12-12T16:30:39.000+00:00
2252,남부주유소,37.519541,126.838351,2022-12-12T16:30:40.000+00:00
2253,신정2단지입구,37.514553,126.831236,2022-12-12T16:30:39.000+00:00
22580,기독회관(연등)1,37.574696,127.002123,2022-12-12T16:30:40.000+00:00
22588,서울대병원앞(연등),37.579998,127.002164,2022-12-12T16:30:39.000+00:00
2259,신수천주교회,37.547410,126.934339,2022-12-12T16:30:40.000+00:00
22603,노원주유소앞(연등),37.621011,127.074540,2022-12-12T16:30:40.000+00:00
2261,신촌현대백화점,37.556094,126.934287,2022-12-12T16:30:39.000+00:00
2262,안국동사거리,37.575609,126.983005,2022-12-12T16:30:39.000+00:00
22624,효자동삼거리(연등),37.583020,126.973660,2022-12-12T16:30:40.000+00:00
22628,봉림교(연등),37.483901,126.926929,2022-12-12T16:30:40.000+00:00
2264,동부시장,37.594213,127.077249,2022-12-12T16:30:39.000+00:00
22654,대방대림아파트(연등),37.508809,126.925224,2022-12-12T16:30:40.000+00:00
22661,ASEM입구(연등),37.510491,127.057953,2022-12-12T16:30:39.000+00:00
22669,래미안아트힐(연등),37.478252,127.006647,2022-12-12T16:30:40.000+00:00
22678,갈현우남아파트(연등),37.618446,126.906069,2022-12-12T16:30:39.000+00:00
2270,강남을지병원,37.519716,127.028116,2022-12-12T16:30:39.000+00:00
22705,성신여대입구역(연등)1,37.593538,127.017945,2022-12-12T16:30:39.000+00:00
2271,유니세프앞,37.581126,126.973689,2022-12-12T16:30:40.000+00:00
22711,한강진역(연등),37.540400,127.001802,2022-12-12T16:30:40.000+00:00
22713,송정역(연등),37.561359,126.810778,2022-12-12T16:30:39.000+00:00
2273,마포고정문,37.559319,126.854226,2022-12-12T16:30:39.000+00:00
2276,방화2단지,37.573320,126.820506,2022-12-12T16:30:39.000+00:00
2277,서남물재생센터,37.572939,126.826362,2022-12-12T16:30:39.000+00:00
22770,송정건영아파트(연등),37.556534,127.072127,2022-12-12T16:30:40.000+00:00
22803,강서교육지원청입구(연등),37.539577,126.832522,2022-12-12T16:30:39.000+00:00
22804,목마공원(연등)1,37.537349,126.885489,2022-12-12T16:30:39.000+00:00
22805,양정고(연등),37.533420,126.887662,2022-12-12T16:30:39.000+00:00
22806,구파발역정류장(연등),37.636456,126.916909,2022-12-12T16:30:39.000+00:00
22821,엠버서더호텔(연등),37.559730,127.002880,2022-12-12T16:30:39.000+00:00
22823,동대문역사문화공원(연등),37.566267,127.006780,2022-12-12T16:30:39.000+00:00
22855,약수역(연등),37.553837,127.011543,2022-12-12T16:30:39.000+00:00
22864,을지로4가(연등)1,37.567377,126.998096,2022-12-12T16:30:39.000+00:00
22865,을지로5가(연등1),37.566805,127.000265,2022-12-12T16:30:39.000+00:00
22866,청계5가(연등),37.569837,127.002040,2022-12-12T16:30:39.000+00:00
2287,베네치아호텔,37.506026,127.034486,2022-12-12T16:30:39.000+00:00
22870,퇴계로4가(연등),37.563009,126.998463,2022-12-12T16:30:39.000+00:00
22871,충무로역(연등),37.561124,126.992640,2022-12-12T16:30:39.000+00:00
22899,숭례문정류장(연등),37.558246,126.973522,2022-12-12T16:30:39.000+00:00
2290,선릉공원앞,37.507012,127.047144,2022-12-12T16:30:39.000+00:00
22902,삼선빌딩(연등1),37.558067,126.977723,2022-12-12T16:30:39.000+00:00
22903,조선호텔앞(연등),37.563684,126.979719,2022-12-12T16:30:39.000+00:00
22904,시청(연등),37.563841,126.977864,2022-12-12T16:30:39.000+00:00
22905,시청역2호선(연등),37.563368,126.974893,2022-12-12T16:30:39.000+00:00
22932,화곡사거리(연등),37.529616,126.847960,2022-12-12T16:30:40.000+00:00
22938,방화2동(연등),37.567674,126.812778,2022-12-12T16:30:39.000+00:00
22939,화곡터널남단(연등),37.533703,126.846296,2022-12-12T16:30:39.000+00:00
22946,강남세브란스(연등)1,37.493656,127.044967,2022-12-12T16:30:39.000+00:00
22947,대치우성아파트(연등),37.501351,127.068591,2022-12-12T16:30:39.000+00:00
22952,청실종합(연등)1,37.493561,127.061154,2022-12-12T16:30:39.000+00:00
22953,도곡역(연등)1,37.489866,127.053075,2022-12-12T16:30:39.000+00:00
22958,서초구민회관(연등),37.482573,127.036105,2022-12-12T16:30:39.000+00:00
2296,세곡보금자리삼거리,37.465030,127.095361,2022-12-12T16:30:39.000+00:00
22960,영동1교(연등),37.471798,127.038655,2022-12-12T16:30:39.000+00:00
22966,휘문고교(연등),37.504832,127.063874,2022-12-12T16:30:39.000+00:00
22969,국민은행역삼(연등),37.495597,127.028782,2022-12-12T16:30:39.000+00:00
22979,씨티극장(연등),37.501005,127.026143,2022-12-12T16:30:39.000+00:00
22983,코엑스(연등),37.514543,127.061813,2022-12-12T16:30:39.000+00:00
22984,논현경복아파트(연등)1,37.510584,127.036666,2022-12-12T16:30:39.000+00:00
22985,영동시장(연등),37.506464,127.023520,2022-12-12T16:30:39.000+00:00
22996,역삼119안전센터(연등),37.497892,127.043397,2022-12-12T16:30:39.000+00:00
23,강남프라자,37.513094,127.035435,2022-12-12T16:30:39.000+00:00
2300,한국폴리텍대학입구,37.546459,126.845300,2022-12-12T16:30:39.000+00:00
23000,영동2교북단(연등),37.480927,127.042024,2022-12-12T16:30:39.000+00:00
23005,대웅제약(연등)1,37.515009,127.064342,2022-12-12T16:30:39.000+00:00
23007,역삼초교(연등),37.493584,127.031764,2022-12-12T16:30:39.000+00:00
23009,도성초교사거리(연등)1,37.501540,127.053868,2022-12-12T16:30:39.000+00:00
23013,싸리고개공원사거리(연등)1,37.489979,127.033026,2022-12-12T16:30:39.000+00:00
23014,포이사거리(연등),37.477028,127.045288,2022-12-12T16:30:39.000+00:00
23016,강남경찰서(연등),37.510041,127.067377,2022-12-12T16:30:39.000+00:00
23019,도곡1동주민센타(연등),37.492879,127.042436,2022-12-12T16:30:39.000+00:00
2302,증미역,37.556846,126.863109,2022-12-12T16:30:39.000+00:00
23021,한티역(연등),37.495127,127.053433,2022-12-12T16:30:39.000+00:00
23023,대치은마아파트(연등),37.495901,127.062512,2022-12-12T16:30:39.000+00:00
23024,우성2차201동앞(연등),37.499439,127.062579,2022-12-12T16:30:39.000+00:00
23027,우리은행포이(연등),37.478981,127.049082,2022-12-12T16:30:39.000+00:00
23028,개포우성3차아파트(연등)1,37.482252,127.055388,2022-12-12T16:30:39.000+00:00
23031,수도공고(연등),37.487826,127.062959,2022-12-12T16:30:39.000+00:00
23033,개포2동주민센터(연등),37.489369,127.067777,2022-12-12T16:30:39.000+00:00
23039,트럭터미널(연등),37.461578,127.037247,2022-12-12T16:30:39.000+00:00
2304,여의2교,37.525738,126.910990,2022-12-12T16:30:40.000+00:00
23045,역삼영동아파트(연등),37.497619,127.052279,2022-12-12T16:30:39.000+00:00
23047,휘문고정문(연등),37.503891,127.061107,2022-12-12T16:30:39.000+00:00
23048,대치사거리(연등),37.504502,127.057899,2022-12-12T16:30:39.000+00:00
23049,(구)역삼세무서(연등)1,37.496470,127.040522,2022-12-12T16:30:39.000+00:00
23050,역삼세무서(연등)1,37.494615,127.035197,2022-12-12T16:30:39.000+00:00
23054,진흥아파트(연등),37.497615,127.023909,2022-12-12T16:30:39.000+00:00
23055,서초초교(연등),37.499201,127.023140,2022-12-12T16:30:39.000+00:00
23056,강남제일병원(연등),37.502316,127.036253,2022-12-12T16:30:39.000+00:00
23068,충신시장(연등),37.573919,127.006649,2022-12-12T16:30:39.000+00:00
23069,방죽마을사거리(연등)1,37.471530,127.106565,2022-12-12T16:30:39.000+00:00
2308,하나은행혜화,37.584216,127.000056,2022-12-12T16:30:39.000+00:00
23081,명수대한양아파트(연등),37.506230,126.968816,2022-12-12T16:30:40.000+00:00
23083,월드컵파크9단지입구(연등),37.585400,126.879700,2022-12-12T16:30:39.000+00:00
23098,관악청년회의소(연등),37.483453,126.939274,2022-12-12T16:30:40.000+00:00
23099,관악우체국(연등),37.484581,126.932349,2022-12-12T16:30:40.000+00:00
2310,공항전화국,37.560767,126.816535,2022-12-12T16:30:39.000+00:00
2311,개포디지털혁신파크,37.488581,127.064399,2022-12-12T16:30:39.000+00:00
23112,신정네거리역(연등)1,37.521269,126.854351,2022-12-12T16:30:40.000+00:00
23113,갈산초교삼거리(연등),37.512160,126.870686,2022-12-12T16:30:40.000+00:00
23121,하늘초등학교(연등),37.585900,126.880300,2022-12-12T16:30:39.000+00:00
23122,월드컵파크11단지(연등),37.587100,126.882400,2022-12-12T16:30:39.000+00:00
23123,서부자동차검사소(연등),37.587200,126.883800,2022-12-12T16:30:39.000+00:00
23134,원당초교입구(연등),37.479313,126.957848,2022-12-12T16:30:40.000+00:00
23148,북한산힐스테이트7차(연등),37.617114,126.923027,2022-12-12T16:30:39.000+00:00
23162,명덕고교입구(연등),37.552691,126.835582,2022-12-12T16:30:39.000+00:00
2317,용두동사거리,37.577765,127.030488,2022-12-12T16:30:39.000+00:00
23185,상암MBC(연등),37.581607,126.891505,2022-12-12T16:30:39.000+00:00
23206,신길역앞(연등),37.517340,126.917278,2022-12-12T16:30:40.000+00:00
23220,강서구청사거리(연등),37.557118,126.853013,2022-12-12T16:30:39.000+00:00
23229,우장공원입구(연등)1,37.553930,126.851269,2022-12-12T16:30:39.000+00:00
2326,외환은행휘경점,37.589558,127.060376,2022-12-12T16:30:39.000+00:00
23288,김포공항입구(연등),37.561664,126.808003,2022-12-12T16:30:40.000+00:00
23304,여의나루역(연등),37.526256,126.931600,2022-12-12T16:30:39.000+00:00
23305,서초제일약품(연등),37.503426,127.020718,2022-12-12T16:30:39.000+00:00
23307,성락주유소앞(연등),37.505255,126.902329,2022-12-12T16:30:40.000+00:00
23314,강남구청역(연등),37.516070,127.041732,2022-12-12T16:30:39.000+00:00
23331,청계3가(연등),37.568248,126.992416,2022-12-12T16:30:39.000+00:00
23340,영일고교(연등),37.548952,126.863525,2022-12-12T16:30:39.000+00:00
23341,강서고교(연등)1,37.535616,126.863478,2022-12-12T16:30:39.000+00:00
23348,신서초교(연등),37.522372,126.864035,2022-12-12T16:30:40.000+00:00
2336,보석빌딩,37.483468,127.044388,2022-12-12T16:30:39.000+00:00
23361,역삼중(연등),37.494785,127.048413,2022-12-12T16:30:39.000+00:00
23362,아현동웨딩타운(연등),37.557203,126.952258,2022-12-12T16:30:39.000+00:00
23373,동아아파트(연등),37.549647,126.875082,2022-12-12T16:30:39.000+00:00
23376,나이아가라호텔(연등)1,37.548934,126.879106,2022-12-12T16:30:39.000+00:00
2340,휘경119안전센터앞,37.590963,127.065147,2022-12-12T16:30:39.000+00:00
2342,서울성심병원,37.583873,127.049897,2022-12-12T16:30:39.000+00:00
23474,화곡로입구(연등),37.539357,126.827190,2022-12-12T16:30:40.000+00:00
2349,떡전교사거리,37.585665,127.051492,2022-12-12T16:30:39.000+00:00
235,아크로힐스논현아파트,37.509165,127.040094,2022-12-12T16:30:39.000+00:00
2352,휘경초교앞,37.588510,127.056765,2022-12-12T16:30:39.000+00:00
2358,우리은행중화,37.605372,127.078730,2022-12-12T16:30:39.000+00:00
2359,삼육서울병원앞,37.590194,127.062492,2022-12-12T16:30:39.000+00:00
23591,DMC첨단산업센터(연등),37.585822,126.885575,2022-12-12T16:30:39.000+00:00
23600,디지털미디어시티(연등),37.579326,126.891709,2022-12-12T16:30:39.000+00:00
23610,상암초교(연등),37.578047,126.893272,2022-12-12T16:30:39.000+00:00
23611,월드컵파크1단지(연등),37.576276,126.893898,2022-12-12T16:30:39.000+00:00
23616,중암교(연등1),37.571700,126.901200,2022-12-12T16:30:39.000+00:00
23631,성산2교(연등),37.563994,126.912949,2022-12-12T16:30:39.000+00:00
23637,서교동(연등),37.553778,126.919671,2022-12-12T16:30:39.000+00:00
23653,용산전자상가(연등),37.533397,126.963868,2022-12-12T16:30:39.000+00:00
23661,창전삼거리(연등)1,37.551074,126.932581,2022-12-12T16:30:39.000+00:00
23665,신촌로터리(연등),37.555389,126.936068,2022-12-12T16:30:39.000+00:00
23666,르메이에르5차(연등),37.556230,126.940473,2022-12-12T16:30:39.000+00:00
23668,이대역(연등)1,37.556694,126.944945,2022-12-12T16:30:39.000+00:00
23672,신수동서강빌딩(연등),37.549838,126.938469,2022-12-12T16:30:39.000+00:00
23686,서부지청(연등),37.549619,126.954794,2022-12-12T16:30:39.000+00:00
23688,애오개역(연등),37.554559,126.957222,2022-12-12T16:30:39.000+00:00
23690,굴레방다리(연등),37.557336,126.955138,2022-12-12T16:30:39.000+00:00
23697,신공덕삼성아파트(연등),37.542517,126.954201,2022-12-12T16:30:39.000+00:00
23698,서울가든호텔(연등),37.540406,126.947032,2022-12-12T16:30:39.000+00:00
23713,웨스턴플레이스(연등),37.528084,126.891649,2022-12-12T16:30:40.000+00:00
23731,영등포구청(연등),37.529250,126.898236,2022-12-12T16:30:40.000+00:00
23733,영등포경찰서(연등),37.526941,126.903217,2022-12-12T16:30:40.000+00:00
23734,영등포경찰서앞(연등),37.527147,126.899279,2022-12-12T16:30:40.000+00:00
2374,용두교앞,37.578171,127.034948,2022-12-12T16:30:39.000+00:00
23742,서울시의사회(연등),37.526414,126.908801,2022-12-12T16:30:40.000+00:00
23744,남부교육청앞(연등),37.524244,126.910122,2022-12-12T16:30:40.000+00:00
23750,경원스파랜드(연등),37.519354,126.907804,2022-12-12T16:30:40.000+00:00
23752,영등포시장역(연등)1,37.521191,126.904962,2022-12-12T16:30:40.000+00:00
23759,서영물류센터(연등),37.521124,126.897526,2022-12-12T16:30:40.000+00:00
23766,구로세무서(연등),37.514598,126.901334,2022-12-12T16:30:39.000+00:00
23773,홈플러스입구(연등),37.516849,126.894516,2022-12-12T16:30:40.000+00:00
23778,양남사거리(연등),37.522623,126.887749,2022-12-12T16:30:40.000+00:00
2378,중랑교,37.591583,127.067221,2022-12-12T16:30:39.000+00:00
2379,청량리역,37.580125,127.045011,2022-12-12T16:30:39.000+00:00
23808,서강대교남단(연등),37.531568,126.921055,2022-12-12T16:30:39.000+00:00
23811,여의도주유소(연등),37.531471,126.923300,2022-12-12T16:30:39.000+00:00
2382,청량리미주아파트,37.582577,127.048293,2022-12-12T16:30:39.000+00:00
23837,한양아파트앞(연등),37.520747,126.934306,2022-12-12T16:30:39.000+00:00
23839,국민은행여의도(연등),37.521282,126.929539,2022-12-12T16:30:39.000+00:00
23844,혜당한방병원(연등),37.548652,126.914870,2022-12-12T16:30:39.000+00:00
23849,성산초교앞(연등),37.553815,126.910351,2022-12-12T16:30:39.000+00:00
23850,홍익지구대(연등),37.552843,126.912179,2022-12-12T16:30:39.000+00:00
23863,망원2주민센터입구(연등),37.562112,126.904639,2022-12-12T16:30:39.000+00:00
23864,동명여고(연등),37.613785,126.927113,2022-12-12T16:30:39.000+00:00
23867,망원우체국(연등),37.557862,126.907396,2022-12-12T16:30:39.000+00:00
23872,갤러리아압구정(연등),37.528216,127.039205,2022-12-12T16:30:39.000+00:00
23880,여의도수정아파트(연등),37.523172,126.932586,2022-12-12T16:30:39.000+00:00
23887,영등포R(연등1),37.518454,126.912765,2022-12-12T16:30:39.000+00:00
23888,신길삼거리(연등)1,37.515005,126.917722,2022-12-12T16:30:40.000+00:00
23889,성애병원(연등),37.513048,126.923517,2022-12-12T16:30:40.000+00:00
23891,약산약국(연등)1,37.511540,126.914538,2022-12-12T16:30:40.000+00:00
23901,서부경찰서(연등)1,37.602207,126.920865,2022-12-12T16:30:39.000+00:00
23908,대영중고(연등),37.501605,126.904823,2022-12-12T16:30:40.000+00:00
23912,도림초교(연등),37.507859,126.905969,2022-12-12T16:30:40.000+00:00
23914,도림사거리(연등)1,37.508704,126.899924,2022-12-12T16:30:40.000+00:00
23915,신길우성1차아파트(연등),37.505737,126.899089,2022-12-12T16:30:40.000+00:00
23917,SK윈윈주유소(연등),37.501319,126.899007,2022-12-12T16:30:40.000+00:00
23922,썬프라자(연등),37.497815,126.908178,2022-12-12T16:30:40.000+00:00
23923,평강교회(연등),37.494327,126.908866,2022-12-12T16:30:40.000+00:00
2393,시조사삼거리,37.588305,127.053719,2022-12-12T16:30:39.000+00:00
23931,대림역(연등),37.491844,126.895179,2022-12-12T16:30:40.000+00:00
23934,대림우성2차아파트(연등),37.496023,126.899401,2022-12-12T16:30:40.000+00:00
23937,신영초교(연등),37.498484,126.895053,2022-12-12T16:30:40.000+00:00
23938,대림성원아파트(연등),37.502788,126.896485,2022-12-12T16:30:40.000+00:00
23939,거리공원입구오거리(연등)1,37.502872,126.894035,2022-12-12T16:30:40.000+00:00
23962,서대문우체국(연등),37.563091,126.930831,2022-12-12T16:30:39.000+00:00
23967,무교동사거리(연등),37.569291,126.979295,2022-12-12T16:30:39.000+00:00
23969,외교센타앞(연등),37.484658,127.029714,2022-12-12T16:30:39.000+00:00
23971,인재개발원(연등)1,37.482863,127.021834,2022-12-12T16:30:40.000+00:00
23972,우면삼거리(연등),37.483108,127.017478,2022-12-12T16:30:40.000+00:00
23985,한미은행양재(연등),37.486799,127.032927,2022-12-12T16:30:39.000+00:00
24,삼릉치안센터,37.512402,127.043104,2022-12-12T16:30:39.000+00:00
24006,반포3동주민센터(연등)1,37.511945,127.005175,2022-12-12T16:30:40.000+00:00
24032,반포대교남단(연등),37.508651,126.999545,2022-12-12T16:30:40.000+00:00
24042,대치4치안센터(연등),37.502035,127.055396,2022-12-12T16:30:39.000+00:00
2407,경찰청정문,37.563761,126.968370,2022-12-12T16:30:39.000+00:00
2408,DMC래미안,37.571656,126.909986,2022-12-12T16:30:39.000+00:00
2410,강남공항터미널,37.509386,127.058550,2022-12-12T16:30:39.000+00:00
2415,가좌삼거리,37.570254,126.912879,2022-12-12T16:30:39.000+00:00
2417,대도초교,37.493346,127.054296,2022-12-12T16:30:39.000+00:00
2419,독립문삼호아파트,37.571542,126.959151,2022-12-12T16:30:39.000+00:00
2421,동교동삼거리,37.558679,126.927027,2022-12-12T16:30:39.000+00:00
24212,일진빌딩(연등),37.539902,126.946326,2022-12-12T16:30:39.000+00:00
2423,경동시장,37.578177,127.038327,2022-12-12T16:30:39.000+00:00
2428,무악현대아파트,37.574410,126.958014,2022-12-12T16:30:39.000+00:00
243,성수대교북단,37.543996,127.036214,2022-12-12T16:30:39.000+00:00
2430,서울체육회,37.593107,127.072742,2022-12-12T16:30:39.000+00:00
2431,북가좌삼거리,37.574286,126.906002,2022-12-12T16:30:39.000+00:00
2434,사천교,37.567769,126.917912,2022-12-12T16:30:39.000+00:00
2435,사천교서측,37.568511,126.916476,2022-12-12T16:30:39.000+00:00
244,국제빌딩앞,37.513320,127.028570,2022-12-12T16:30:39.000+00:00
2443,성산회관,37.566351,126.925499,2022-12-12T16:30:39.000+00:00
2444,세브란스,37.560081,126.938859,2022-12-12T16:30:39.000+00:00
2445,북가좌요진아파트,37.572421,126.908392,2022-12-12T16:30:39.000+00:00
2449,신촌기차역,37.558522,126.942811,2022-12-12T16:30:39.000+00:00
245,양지빌딩앞,37.509102,127.033071,2022-12-12T16:30:39.000+00:00
2450,양동중,37.547804,126.870577,2022-12-12T16:30:39.000+00:00
2451,현대유플렉스,37.557249,126.936905,2022-12-12T16:30:39.000+00:00
2452,아현동고개,37.556936,126.948499,2022-12-12T16:30:39.000+00:00
24536,가양대교남단램프(연등),37.566862,126.859399,2022-12-12T16:30:39.000+00:00
24537,가양대교북단램프(연등),37.573777,126.864512,2022-12-12T16:30:39.000+00:00
24542,잠수교북단(연등),37.518985,126.994345,2022-12-12T16:30:39.000+00:00
2456,연남동,37.562120,126.927391,2022-12-12T16:30:39.000+00:00
2457,세브란스응급실,37.562080,126.942445,2022-12-12T16:30:39.000+00:00
2458,연대녹지대앞,37.560077,126.935459,2022-12-12T16:30:39.000+00:00
2459,연세대,37.560046,126.936903,2022-12-12T16:30:39.000+00:00
24609,강남운전면허시험장(연등),37.508166,127.067689,2022-12-12T16:30:39.000+00:00
24616,잠수교남단(연등),37.512298,126.997615,2022-12-12T16:30:40.000+00:00
2464,연희IC,37.564928,126.929440,2022-12-12T16:30:39.000+00:00
2465,연희IC동측,37.563639,126.930129,2022-12-12T16:30:39.000+00:00
24672,여의도고교(연등),37.523723,126.933481,2022-12-12T16:30:39.000+00:00
24674,여의지구대앞(연등),37.526025,126.920600,2022-12-12T16:30:39.000+00:00
2470,이대부중,37.562867,126.943447,2022-12-12T16:30:39.000+00:00
2471,인왕아파트,37.584617,126.948632,2022-12-12T16:30:39.000+00:00
24728,나진전자상가(연등),37.533649,126.965743,2022-12-12T16:30:39.000+00:00
2474,증산교,37.576714,126.903374,2022-12-12T16:30:39.000+00:00
2476,충정로역,37.559190,126.961979,2022-12-12T16:30:39.000+00:00
24761,신진시장(연등),37.571056,127.005380,2022-12-12T16:30:39.000+00:00
24765,서울YMCA(연등),37.570178,126.986170,2022-12-12T16:30:39.000+00:00
2477,국민연금북부,37.561120,126.963490,2022-12-12T16:30:39.000+00:00
2479,현대월드컵아파트,37.575389,126.904806,2022-12-12T16:30:39.000+00:00
2481,독립공원,37.576676,126.955600,2022-12-12T16:30:39.000+00:00
24822,수협은행양재(연등),37.479946,127.041124,2022-12-12T16:30:39.000+00:00
2487,홍은사거리,37.591485,126.941439,2022-12-12T16:30:39.000+00:00
2491,홍제삼거리,37.586242,126.946973,2022-12-12T16:30:39.000+00:00
24919,개화산역(연등)1,37.572544,126.805914,2022-12-12T16:30:39.000+00:00
2495,홍제빌딩앞,37.589878,126.942820,2022-12-12T16:30:39.000+00:00
24977,마포세무서(연등),37.547264,126.938757,2022-12-12T16:30:39.000+00:00
24982,녹색환경교육센터(연등),37.541418,126.884663,2022-12-12T16:30:39.000+00:00
25,주택공사,37.514128,127.042432,2022-12-12T16:30:39.000+00:00
2500,굴다리입구,37.560329,126.940178,2022-12-12T16:30:39.000+00:00
2511,강서구청별관입구,37.559497,126.858103,2022-12-12T16:30:39.000+00:00
2522,디지털단지오거리,37.479372,126.889861,2022-12-12T16:30:40.000+00:00
2540,용산롯데캐슬,37.538558,126.964119,2022-12-12T16:30:39.000+00:00
2573,국민은행선릉,37.510932,127.046082,2022-12-12T16:30:39.000+00:00
2580,기독회관,37.573292,127.002023,2022-12-12T16:30:40.000+00:00
2582,청량리민자역사앞,37.581359,127.046739,2022-12-12T16:30:39.000+00:00
2584,해군회관앞,37.504139,126.921943,2022-12-12T16:30:40.000+00:00
2588,서울대병원앞,37.580691,127.002119,2022-12-12T16:30:39.000+00:00
26,삼성동센트럴아이파크,37.515058,127.052254,2022-12-12T16:30:39.000+00:00
26001,디지털미디어시티 연등교차로,37.579325,126.891708,2022-12-12T16:30:39.000+00:00
2603,노원주유소앞,37.619951,127.074879,2022-12-12T16:30:40.000+00:00
26101,상암초교 연등교차로,37.578047,126.893272,2022-12-12T16:30:39.000+00:00
2623,연무관앞,37.583759,126.972664,2022-12-12T16:30:40.000+00:00
2624,효자동삼거리,37.583476,126.973675,2022-12-12T16:30:39.000+00:00
2625,KT앞,37.572566,126.977236,2022-12-12T16:30:39.000+00:00
2626,세종문화회관,37.572086,126.976639,2022-12-12T16:30:39.000+00:00
2628,봉림교,37.483735,126.925844,2022-12-12T16:30:40.000+00:00
2635,대동전자,37.571001,126.816688,2022-12-12T16:30:39.000+00:00
2638,재정관리단앞,37.538345,126.986814,2022-12-12T16:30:39.000+00:00
2654,대방대림아파트,37.509219,126.923993,2022-12-12T16:30:40.000+00:00
2661,코엑스서문,37.511732,127.057316,2022-12-12T16:30:39.000+00:00
2665,예술의전당,37.480644,127.013108,2022-12-12T16:30:40.000+00:00
2669,래미안아트힐,37.477613,127.007007,2022-12-12T16:30:40.000+00:00
2677,제일제당정문,37.567052,126.843916,2022-12-12T16:30:39.000+00:00
2678,갈현우남아파트,37.617311,126.906649,2022-12-12T16:30:39.000+00:00
2687,국립현충원,37.503868,126.975689,2022-12-12T16:30:40.000+00:00
2688,파티마동물병원,37.557945,126.928985,2022-12-12T16:30:39.000+00:00
2691,구세군회관앞,37.570170,126.972597,2022-12-12T16:30:39.000+00:00
2696,동대문밀리오레앞,37.568152,127.009290,2022-12-12T16:30:39.000+00:00
2697,방통대앞,37.578627,127.002169,2022-12-12T16:30:40.000+00:00
27,경기고교앞,37.520057,127.057066,2022-12-12T16:30:39.000+00:00
2705,성신여대입구역,37.592682,127.016491,2022-12-12T16:30:39.000+00:00
2709,서울의료원,37.512233,127.065683,2022-12-12T16:30:39.000+00:00
2711,한강진역,37.540026,127.001777,2022-12-12T16:30:40.000+00:00
2713,송정역,37.561410,126.810169,2022-12-12T16:30:39.000+00:00
2714,대림아파트,37.542535,126.862893,2022-12-12T16:30:39.000+00:00
2719,논현동브라운스톤,37.515151,127.042076,2022-12-12T16:30:39.000+00:00
2724,삼성디지털센터,37.482459,126.941736,2022-12-12T16:30:40.000+00:00
2734,6번정문,37.527318,126.991598,2022-12-12T16:30:39.000+00:00
2744,은평성모병원,37.634497,126.917045,2022-12-12T16:30:40.000+00:00
2759,공항중,37.562823,126.816505,2022-12-12T16:30:39.000+00:00
2760,공항아파트,37.565253,126.816545,2022-12-12T16:30:39.000+00:00
2761,서남환경공원,37.573259,126.822572,2022-12-12T16:30:39.000+00:00
2762,동성교회,37.561078,126.813546,2022-12-12T16:30:39.000+00:00
2766,서울신정단지우편취급국,37.521555,126.856681,2022-12-12T16:30:40.000+00:00
2770,송정건영아파트,37.554936,127.071219,2022-12-12T16:30:40.000+00:00
2771,월성운수,37.569965,127.079609,2022-12-12T16:30:40.000+00:00
2773,중원주유소,37.566208,127.077565,2022-12-12T16:30:40.000+00:00
28,청담진흥아파트,37.519249,127.052609,2022-12-12T16:30:39.000+00:00
280,임오빌딩,37.558579,126.917855,2022-12-12T16:30:39.000+00:00
2801,양화교,37.547184,126.877808,2022-12-12T16:30:39.000+00:00
2802,금옥여고,37.509481,126.843837,2022-12-12T16:30:40.000+00:00
2803,강서교육지원청입구,37.539892,126.833860,2022-12-12T16:30:39.000+00:00
2804,목마공원,37.537718,126.886549,2022-12-12T16:30:39.000+00:00
2805,양정고,37.534616,126.888195,2022-12-12T16:30:39.000+00:00
2806,구파발역정류장,37.637016,126.916880,2022-12-12T16:30:39.000+00:00
2807,구파발사거리,37.638995,126.916745,2022-12-12T16:30:39.000+00:00
2808,은평뉴타운10단지,37.643214,126.914617,2022-12-12T16:30:39.000+00:00
281,한성아파트101동앞,37.504129,126.920330,2022-12-12T16:30:39.000+00:00
2817,세브란스빌딩,37.556716,126.974489,2022-12-12T16:30:39.000+00:00
2819,케리스빌딩앞,37.563735,127.004960,2022-12-12T16:30:39.000+00:00
2821,엠버서더호텔,37.559210,127.002994,2022-12-12T16:30:39.000+00:00
2822,광희동사거리,37.564227,127.007184,2022-12-12T16:30:39.000+00:00
2823,동대문역사문화공원,37.566007,127.007827,2022-12-12T16:30:39.000+00:00
2829,서울메트로별관,37.565416,127.009782,2022-12-12T16:30:39.000+00:00
2830,한양공고앞,37.564879,127.011080,2022-12-12T16:30:39.000+00:00
2833,수락산입구,37.682369,127.055451,2022-12-12T16:30:40.000+00:00
285,가곡초교,37.554898,126.836288,2022-12-12T16:30:39.000+00:00
2851,남산2호터널입구,37.555316,127.003827,2022-12-12T16:30:39.000+00:00
2855,약수역,37.554796,127.010688,2022-12-12T16:30:39.000+00:00
2858,장충고개,37.558035,127.008205,2022-12-12T16:30:39.000+00:00
2862,중구청,37.564350,126.998345,2022-12-12T16:30:39.000+00:00
2864,을지로4가,37.566670,126.998120,2022-12-12T16:30:39.000+00:00
2865,을지로5가,37.566869,127.002264,2022-12-12T16:30:39.000+00:00
2866,청계5가,37.569485,127.002051,2022-12-12T16:30:39.000+00:00
2867,을지KT앞,37.566629,127.004456,2022-12-12T16:30:39.000+00:00
2869,퇴계로5가,37.563226,127.002569,2022-12-12T16:30:39.000+00:00
287,청룡길입구,37.481948,126.946306,2022-12-12T16:30:40.000+00:00
2870,퇴계로4가,37.562278,126.998548,2022-12-12T16:30:39.000+00:00
2871,충무로역,37.561096,126.993232,2022-12-12T16:30:39.000+00:00
2872,퇴계로2가,37.561212,126.989026,2022-12-12T16:30:39.000+00:00
2875,명동성당,37.564546,126.987694,2022-12-12T16:30:39.000+00:00
2876,을지로2가,37.566153,126.987538,2022-12-12T16:30:39.000+00:00
2877,하나금융그룹,37.566112,126.985747,2022-12-12T16:30:39.000+00:00
2878,을지로1가,37.566045,126.982671,2022-12-12T16:30:39.000+00:00
2879,을지로3가역,37.566230,126.989750,2022-12-12T16:30:39.000+00:00
2881,을지로3가,37.566378,126.992622,2022-12-12T16:30:39.000+00:00
2884,회현사거리,37.560403,126.982032,2022-12-12T16:30:39.000+00:00
2885,신세계백화점,37.559583,126.980045,2022-12-12T16:30:39.000+00:00
2886,남대문시장,37.558659,126.978324,2022-12-12T16:30:39.000+00:00
2889,서울스퀘어앞,37.556151,126.973051,2022-12-12T16:30:39.000+00:00
2892,중림동,37.559219,126.968802,2022-12-12T16:30:39.000+00:00
2895,상수도사업본부,37.561534,126.967505,2022-12-12T16:30:39.000+00:00
2896,경찰청앞,37.562041,126.969650,2022-12-12T16:30:39.000+00:00
2897,염천교,37.559613,126.971363,2022-12-12T16:30:39.000+00:00
2899,숭례문정류장,37.558737,126.973999,2022-12-12T16:30:39.000+00:00
29,청담공원앞,37.518822,127.050218,2022-12-12T16:30:39.000+00:00
2900,숭례문,37.560581,126.975608,2022-12-12T16:30:39.000+00:00
2901,한국은행앞,37.561903,126.981246,2022-12-12T16:30:39.000+00:00
2902,삼선빌딩,37.557629,126.976905,2022-12-12T16:30:39.000+00:00
2903,조선호텔앞,37.563961,126.979404,2022-12-12T16:30:39.000+00:00
2904,시청,37.564022,126.976922,2022-12-12T16:30:39.000+00:00
2905,시청역2호선,37.562930,126.973553,2022-12-12T16:30:39.000+00:00
2906,덕수궁앞,37.564939,126.977176,2022-12-12T16:30:39.000+00:00
2907,프레스센터,37.567054,126.977127,2022-12-12T16:30:39.000+00:00
2908,교육개발원입구,37.478156,127.038670,2022-12-12T16:30:39.000+00:00
2910,시청입구,37.565984,126.979048,2022-12-12T16:30:39.000+00:00
2912,명동역앞,37.560937,126.986158,2022-12-12T16:30:39.000+00:00
2913,토요코인호텔앞,37.564517,127.009280,2022-12-12T16:30:39.000+00:00
2914,동교로사거리,37.556019,126.920544,2022-12-12T16:30:39.000+00:00
2926,방화동성상가,37.578820,126.812435,2022-12-12T16:30:39.000+00:00
2928,마포구청역,37.562998,126.903925,2022-12-12T16:30:39.000+00:00
2932,화곡사거리,37.530619,126.847409,2022-12-12T16:30:39.000+00:00
2938,방화2동,37.567790,126.811750,2022-12-12T16:30:39.000+00:00
2939,화곡터널남단,37.533476,126.845650,2022-12-12T16:30:39.000+00:00
2944,삼일교회,37.546257,126.970385,2022-12-12T16:30:39.000+00:00
2945,성남고교입구,37.506120,126.922738,2022-12-12T16:30:40.000+00:00
2946,강남세브란스,37.494199,127.046743,2022-12-12T16:30:39.000+00:00
2947,대치우성아파트,37.500999,127.067459,2022-12-12T16:30:39.000+00:00
2948,대치쌍용아파트,37.498252,127.068964,2022-12-12T16:30:39.000+00:00
2949,학여울역,37.496512,127.069945,2022-12-12T16:30:39.000+00:00
2950,대치미도아파트,37.495526,127.066662,2022-12-12T16:30:39.000+00:00
2951,대치역,37.494528,127.063241,2022-12-12T16:30:39.000+00:00
2952,청실종합,37.492820,127.059531,2022-12-12T16:30:39.000+00:00
2953,도곡역,37.490928,127.055412,2022-12-12T16:30:39.000+00:00
2954,매봉터널,37.488427,127.049859,2022-12-12T16:30:39.000+00:00
2955,매봉역,37.486325,127.045405,2022-12-12T16:30:39.000+00:00
2956,양재전화국,37.485584,127.041353,2022-12-12T16:30:39.000+00:00
2958,서초구민회관,37.482117,127.036507,2022-12-12T16:30:39.000+00:00
2960,영동1교,37.473765,127.038662,2022-12-12T16:30:39.000+00:00
2961,대모산입구역,37.491418,127.072719,2022-12-12T16:30:39.000+00:00
2962,공무원연금매점,37.488754,127.074166,2022-12-12T16:30:39.000+00:00
2963,시민의숲,37.469746,127.039098,2022-12-12T16:30:39.000+00:00
2964,일원터널,37.486083,127.075521,2022-12-12T16:30:39.000+00:00
2965,우리은행도곡,37.496657,127.045576,2022-12-12T16:30:39.000+00:00
2966,휘문고교,37.505229,127.065148,2022-12-12T16:30:39.000+00:00
2967,개나리아파트,37.498543,127.044713,2022-12-12T16:30:39.000+00:00
2968,우성아파트앞사거리,37.493048,127.029968,2022-12-12T16:30:39.000+00:00
2969,국민은행역삼,37.495163,127.028926,2022-12-12T16:30:39.000+00:00
2971,삼성역,37.508887,127.063155,2022-12-12T16:30:39.000+00:00
2972,삼성증권,37.505693,127.052823,2022-12-12T16:30:39.000+00:00
2973,경원하이츠텔,37.523868,127.044666,2022-12-12T16:30:39.000+00:00
2974,국민은행테헤란로,37.503529,127.045767,2022-12-12T16:30:39.000+00:00
2975,고등교육재단,37.501756,127.039986,2022-12-12T16:30:39.000+00:00
2978,강남역,37.497985,127.027643,2022-12-12T16:30:39.000+00:00
2979,씨티극장,37.501601,127.025916,2022-12-12T16:30:39.000+00:00
2981,파고다호텔(구 만당),37.507254,127.039888,2022-12-12T16:30:39.000+00:00
2982,한전앞,37.511456,127.061751,2022-12-12T16:30:39.000+00:00
2983,코엑스,37.514265,127.060230,2022-12-12T16:30:39.000+00:00
2984,논현경복아파트,37.508675,127.038478,2022-12-12T16:30:39.000+00:00
2985,영동시장,37.507065,127.023277,2022-12-12T16:30:39.000+00:00
2987,개포경남아파트,37.483127,127.052671,2022-12-12T16:30:39.000+00:00
2988,구룡초교,37.481096,127.053800,2022-12-12T16:30:39.000+00:00
2989,염곡사거리,37.465701,127.042976,2022-12-12T16:30:39.000+00:00
2991,구룡터널,37.476013,127.058734,2022-12-12T16:30:39.000+00:00
2992,구룡마을입구,37.479227,127.064799,2022-12-12T16:30:39.000+00:00
2993,개포프레지던스자이,37.482544,127.070299,2022-12-12T16:30:39.000+00:00
2994,삼성의료원앞,37.488760,127.081817,2022-12-12T16:30:39.000+00:00
2995,일원1동주민센터,37.490694,127.088313,2022-12-12T16:30:39.000+00:00
2996,역삼119안전센터,37.497231,127.042061,2022-12-12T16:30:39.000+00:00
2999,광성빌딩,37.483721,127.042134,2022-12-12T16:30:39.000+00:00
30,강남세무서,37.518150,127.046420,2022-12-12T16:30:39.000+00:00
3000,영동2교북단,37.481956,127.042959,2022-12-12T16:30:39.000+00:00
3001,삼정호텔정문,37.506602,127.031506,2022-12-12T16:30:39.000+00:00
3002,삼성중앙역,37.513043,127.053332,2022-12-12T16:30:39.000+00:00
3003,봉은사,37.513553,127.056335,2022-12-12T16:30:39.000+00:00
30030,강남세무서(연등)2,37.517926,127.045175,2022-12-12T16:30:39.000+00:00
30036,국제기술학교(연등)2,37.515570,127.030022,2022-12-12T16:30:39.000+00:00
30038,영동고(연등)2,37.519297,127.040521,2022-12-12T16:30:39.000+00:00
3004,은성빌딩,37.510645,127.054612,2022-12-12T16:30:39.000+00:00
30045,학동(연등)2,37.522729,127.037567,2022-12-12T16:30:39.000+00:00
3005,대웅제약,37.515272,127.066027,2022-12-12T16:30:39.000+00:00
30058,한남대교남단(연등)2,37.522095,127.018881,2022-12-12T16:30:39.000+00:00
3006,서이초교,37.492033,127.026586,2022-12-12T16:30:39.000+00:00
3007,역삼초교,37.494093,127.033421,2022-12-12T16:30:39.000+00:00
3008,도성초교,37.499966,127.049072,2022-12-12T16:30:39.000+00:00
30089,세곡동사거리(연등)2,37.464933,127.106335,2022-12-12T16:30:39.000+00:00
3009,도성초교사거리,37.500556,127.050863,2022-12-12T16:30:39.000+00:00
3010,래미안서초에스티지아파트,37.493001,127.026114,2022-12-12T16:30:39.000+00:00
30101,수서역(연등)2,37.487680,127.102572,2022-12-12T16:30:39.000+00:00
3011,진선여고,37.502964,127.049734,2022-12-12T16:30:39.000+00:00
3012,서울율현초교,37.473284,127.106906,2022-12-12T16:30:39.000+00:00
3013,싸리고개공원사거리,37.490629,127.035083,2022-12-12T16:30:39.000+00:00
30133,목동역(연등)2,37.526031,126.863472,2022-12-12T16:30:40.000+00:00
3014,포이사거리,37.478301,127.044591,2022-12-12T16:30:39.000+00:00
30148,국회의사당(연등)2,37.527787,126.917871,2022-12-12T16:30:39.000+00:00
3015,영광빌딩,37.475813,127.046566,2022-12-12T16:30:39.000+00:00
3016,강남경찰서,37.509894,127.066486,2022-12-12T16:30:39.000+00:00
3018,역삼카센터,37.491904,127.039247,2022-12-12T16:30:39.000+00:00
3019,도곡1동주민센타,37.492395,127.040896,2022-12-12T16:30:39.000+00:00
302,양재빌딩,37.474079,127.040269,2022-12-12T16:30:39.000+00:00
3020,역삼삼익아파트,37.489594,127.041540,2022-12-12T16:30:39.000+00:00
3021,한티역,37.496297,127.052908,2022-12-12T16:30:39.000+00:00
3022,은마아파트입구,37.498875,127.060931,2022-12-12T16:30:39.000+00:00
3023,대치은마아파트,37.497109,127.061844,2022-12-12T16:30:39.000+00:00
3024,우성2차201동앞,37.500169,127.064789,2022-12-12T16:30:39.000+00:00
3025,삼릉초교,37.511537,127.048144,2022-12-12T16:30:39.000+00:00
3027,우리은행포이,37.478811,127.047471,2022-12-12T16:30:39.000+00:00
3028,개포우성3차아파트,37.483518,127.057037,2022-12-12T16:30:39.000+00:00
3029,구룡중,37.486457,127.056912,2022-12-12T16:30:39.000+00:00
3030,개포고교,37.484822,127.058019,2022-12-12T16:30:39.000+00:00
3031,수도공고,37.487356,127.062039,2022-12-12T16:30:39.000+00:00
3032,영동5교,37.489140,127.066051,2022-12-12T16:30:39.000+00:00
3033,개포2동주민센터,37.489568,127.069043,2022-12-12T16:30:39.000+00:00
3034,경기여고,37.486098,127.067525,2022-12-12T16:30:39.000+00:00
3038,국악고교앞,37.473715,127.048688,2022-12-12T16:30:39.000+00:00
3039,트럭터미널,37.460685,127.036040,2022-12-12T16:30:39.000+00:00
3040,대치선경아파트,37.492041,127.064485,2022-12-12T16:30:39.000+00:00